26-08-17,@BYU,20,Portland St,6,,
26-08-17,Hawaii,38,@Massachusetts,35,,
26-08-17,@Colorado St,58,Oregon St,27,,
26-08-17,South Florida,42,@San Jose St,22,,
26-08-17,Stanford,62,Rice,7,,Sydney Cup Sydney AU
31-08-17,@C Michigan,30,Rhode Island,27,O3,
31-08-17,@Cincinnati,26,Austin Peay,14,,
31-08-17,@Connecticut,27,Holy Cross,20,,
31-08-17,Tennessee St,17,@Georgia St,10,,
31-08-17,@Toledo,47,Elon,13,,
31-08-17,@Wake Forest,51,Presbyterian,7,,
31-08-17,@Utah,37,North Dakota,16,,
31-08-17,@Idaho,28,CS Sacramento,6,,
31-08-17,@Arkansas,49,Florida A&M,7,,Little Rock AR
31-08-17,Ohio St,49,@Indiana,21,,
31-08-17,@Memphis,37,ULM,29,,
31-08-17,@Minnesota,17,Buffalo,7,,
31-08-17,@Arizona St,37,New Mexico St,31,,
31-08-17,@UCF,61,Florida Intl,17,,
31-08-17,@Oklahoma St,59,Tulsa,24,,
01-09-17,@Syracuse,50,Central Conn,7,,
01-09-17,@Army,64,Fordham,6,,
01-09-17,@E Michigan,24,Charlotte,7,,
01-09-17,Washington,30,@Rutgers,14,,
01-09-17,Boston College,23,@N Illinois,20,,
01-09-17,@Wisconsin,59,Utah St,10,,
01-09-17,Colorado,17,Colorado St,3,,"Denver, CO"
01-09-17,Navy,42,@FL Atlantic,19,,
02-09-17,@Duke,60,NC Central,7,,
02-09-17,James Madison,34,@East Carolina,14,,
02-09-17,@Miami FL,41,Bethune-Cookman,13,,
02-09-17,@Ohio,59,Hampton,0,,
02-09-17,@Old Dominion,31,Albany NY,17,,
02-09-17,@Pittsburgh,28,Youngstown St,21,O1,
02-09-17,@South Florida,31,Stony Brook,17,,
02-09-17,@Virginia,28,William & Mary,10,,
02-09-17,Liberty,48,@Baylor,45,,
02-09-17,@Iowa St,42,Northern Iowa,24,,
02-09-17,@Kansas,38,SE Missouri St,16,,
02-09-17,@Kansas St,55,Cent Arkansas,19,,
02-09-17,@ULL,51,SE Louisiana,48,,
02-09-17,@Louisiana Tech,52,Northwestern LA,24,,
02-09-17,@Mississippi St,49,Charleston So,0,,
02-09-17,@Missouri,72,Missouri St,43,,
02-09-17,@North Texas,59,Lamar,14,,
02-09-17,@SMU,58,SF Austin,14,,
02-09-17,@TCU,63,Jackson St,0,,
02-09-17,@Texas St,20,Houston Bap,11,,
02-09-17,@Texas Tech,56,E Washington,10,,
02-09-17,@Tulane,43,Grambling,14,,
02-09-17,@WKU,31,E Kentucky,17,,
02-09-17,@Air Force,62,VMI,0,,
02-09-17,@New Mexico,38,Abilene Chr,14,,
02-09-17,@Arizona,62,Northern Arizona,24,,
02-09-17,@Fresno St,66,Incarnate Word,0,,
02-09-17,@Oregon,77,Southern Utah,21,,
02-09-17,@Oregon St,35,Portland St,32,,
02-09-17,@San Jose St,34,Cal Poly,13,,
02-09-17,Howard,43,@UNLV,40,,
02-09-17,@Washington St,31,Montana St,0,,
02-09-17,@Hawaii,41,W Carolina,18,,
02-09-17,@San Diego St,38,UC Davis,17,,
02-09-17,@UAB,38,Alabama A&M,7,,
02-09-17,@Clemson,56,Kent,3,,
02-09-17,@Coastal Car,38,Massachusetts,28,,
02-09-17,Alabama,24,Florida St,7,,"Atlanta, GA"
02-09-17,@Georgia,31,Appalachian St,10,,
02-09-17,@Marshall,31,Miami OH,26,,
02-09-17,@Michigan St,35,Bowling Green,10,,
02-09-17,California,35,@North Carolina,30,,
02-09-17,South Carolina,35,NC State,28,,Charlotte NC
02-09-17,@Penn St,52,Akron,0,,
02-09-17,Louisville,35,Purdue,28,,Indianapolis IN
02-09-17,@Auburn,41,Ga Southern,7,,
02-09-17,@LSU,27,BYU,0,,New Orleans LA
02-09-17,Michigan,33,Florida,17,,Arlington TX
02-09-17,@Illinois,24,Ball St,21,,
02-09-17,@Iowa,24,Wyoming,3,,
02-09-17,@Nebraska,43,Arkansas St,36,,
02-09-17,@Northwestern,31,Nevada,20,,
02-09-17,@Oklahoma,56,UTEP,7,,
02-09-17,@Mississippi,47,South Alabama,27,,
02-09-17,Maryland,51,@Texas,41,,
02-09-17,@Boise St,24,Troy,13,,
02-09-17,@USC,49,W Michigan,31,,
02-09-17,@Notre Dame,49,Temple,16,,
02-09-17,Kentucky,24,@Southern Miss,17,,
02-09-17,Vanderbilt,28,@MTSU,6,,
03-09-17,@UCLA,45,Texas A&M,44,,
03-09-17,Virginia Tech,31,West Virginia,24,,"Landover, MD"
04-09-17,Tennessee,42,Georgia Tech,41,O2,"Atlanta, GA"
07-09-17,@Utah St,51,Idaho St,13,,
08-09-17,Florida Intl,17,Alcorn St,10,,Birmingham AL
08-09-17,@Purdue,44,Ohio,21,,
08-09-17,Oklahoma St,44,@South Alabama,7,,
09-09-17,@Akron,52,Ark Pine Bluff,3,,
09-09-17,@Appalachian St,54,Savannah St,7,,
09-09-17,South Dakota,35,@Bowling Green,27,,
09-09-17,@Georgia Tech,37,Jacksonville St,10,,
09-09-17,@Kent,38,Howard,31,,
09-09-17,@Kentucky,27,E Kentucky,16,,
09-09-17,@Maryland,63,Towson,17,,
09-09-17,@Miami OH,31,Austin Peay,10,,
09-09-17,@Temple,16,Villanova,13,,
09-09-17,@Tennessee,42,Indiana St,7,,
09-09-17,@Virginia Tech,27,Delaware,0,,
09-09-17,@LSU,45,Chattanooga,10,,
09-09-17,@N Illinois,38,E Illinois,10,,
09-09-17,@Mississippi,45,TN Martin,23,,
09-09-17,@Southern Miss,45,Southern Univ,0,,
09-09-17,@Texas A&M,24,Nicholls St,14,,
09-09-17,@Troy,34,Alabama St,7,,
09-09-17,@Vanderbilt,42,Alabama A&M,0,,
09-09-17,@Colorado St,38,Abilene Chr,10,,
09-09-17,@Wyoming,27,Gardner Webb,0,,
09-09-17,@California,33,Weber St,20,,
09-09-17,@Washington,63,Montana,7,,
09-09-17,New Hampshire,22,Ga Southern,12,,"Birmingham, AL"
09-09-17,@Army,21,Buffalo,17,,
09-09-17,@Ball St,51,UAB,31,,
09-09-17,Wake Forest,34,@Boston College,10,,
09-09-17,@Clemson,14,Auburn,6,,
09-09-17,@Duke,41,Northwestern,17,,
09-09-17,Old Dominion,17,@Massachusetts,7,,
09-09-17,@Michigan,36,Cincinnati,14,,
09-09-17,@Michigan St,28,W Michigan,14,,
09-09-17,@Navy,23,Tulane,21,,
09-09-17,Louisville,47,@North Carolina,35,,
09-09-17,@NC State,37,Marshall,20,,
09-09-17,Oklahoma,31,@Ohio St,16,,
09-09-17,@Penn St,33,Pittsburgh,14,,
09-09-17,E Michigan,16,@Rutgers,13,,
09-09-17,MTSU,30,@Syracuse,23,,
09-09-17,Indiana,34,@Virginia,17,,
09-09-17,@West Virginia,56,East Carolina,20,,
09-09-17,@Alabama,41,Fresno St,10,,
09-09-17,TCU,28,@Arkansas,7,,
09-09-17,UT San Antonio,17,@Baylor,10,,
09-09-17,@Illinois,20,WKU,7,,
09-09-17,Iowa,44,@Iowa St,41,O1,
09-09-17,C Michigan,45,@Kansas,27,,
09-09-17,@Kansas St,55,Charlotte,7,,
09-09-17,South Carolina,31,@Missouri,13,,
09-09-17,@SMU,54,North Texas,32,,
09-09-17,@Texas,56,San Jose St,0,,
09-09-17,@Tulsa,66,ULL,42,,
09-09-17,@Wisconsin,31,FL Atlantic,14,,
09-09-17,Utah,19,@BYU,13,,
09-09-17,@Colorado,37,Texas St,3,,
09-09-17,New Mexico St,30,@New Mexico,28,,
09-09-17,Rice,31,@UTEP,14,,
09-09-17,Houston,19,@Arizona,16,,
09-09-17,San Diego St,30,@Arizona St,20,,
09-09-17,UNLV,44,@Idaho,16,,
09-09-17,Toledo,37,@Nevada,24,,
09-09-17,@Oregon,42,Nebraska,35,,
09-09-17,Minnesota,48,@Oregon St,14,,
09-09-17,@UCLA,56,Hawaii,23,,
09-09-17,@USC,42,Stanford,24,,
09-09-17,@Washington St,47,Boise St,44,O3,
09-09-17,Mississippi St,57,@Louisiana Tech,21,,
09-09-17,Georgia,20,@Notre Dame,19,,
14-09-17,@Boise St,28,New Mexico,14,,
15-09-17,@South Florida,47,Illinois,23,,
15-09-17,@Temple,29,Massachusetts,21,,
15-09-17,Arizona,63,@UTEP,16,,
16-09-17,@Ball St,28,Tennessee Tech,13,,
16-09-17,@Buffalo,33,Colgate,10,,
16-09-17,NC A&T,35,@Charlotte,31,,
16-09-17,@FL Atlantic,45,Bethune-Cookman,0,,
16-09-17,@Georgia,42,Samford,14,,
16-09-17,@NC State,49,Furman,16,,
16-09-17,@Rutgers,65,Morgan St,0,,
16-09-17,@West Virginia,59,Delaware St,16,,
16-09-17,@Arkansas St,48,Ark Pine Bluff,3,,
16-09-17,@Auburn,24,Mercer,10,,
16-09-17,@South Alabama,45,Alabama A&M,0,,
16-09-17,@UT San Antonio,51,Southern Univ,17,,
16-09-17,@Colorado,41,N Colorado,21,,
16-09-17,Idaho St,30,@Nevada,28,,
16-09-17,Iowa St,41,@Akron,14,,
16-09-17,Notre Dame,49,@Boston College,20,,
16-09-17,@Duke,34,Baylor,20,,
16-09-17,Virginia Tech,64,@East Carolina,17,,
16-09-17,@Florida,26,Tennessee,20,,
16-09-17,Clemson,47,@Louisville,21,,
16-09-17,@Marshall,21,Kent,0,,
16-09-17,Cincinnati,21,@Miami OH,17,,
16-09-17,@Michigan,29,Air Force,13,,
16-09-17,@Ohio,42,Kansas,30,,
16-09-17,@Ohio St,38,Army,7,,
16-09-17,North Carolina,53,@Old Dominion,23,,
16-09-17,@Penn St,56,Georgia St,0,,
16-09-17,Oklahoma St,59,@Pittsburgh,21,,
16-09-17,Kentucky,23,@South Carolina,13,,
16-09-17,@Syracuse,41,C Michigan,17,,
16-09-17,@Toledo,54,Tulsa,51,,
16-09-17,@Virginia,38,Connecticut,18,,
16-09-17,@Wake Forest,46,Utah St,10,,
16-09-17,@W Michigan,37,Idaho,28,,
16-09-17,@Alabama,41,Colorado St,23,,
16-09-17,@Houston,38,Rice,3,,
16-09-17,@Iowa,31,North Texas,14,,
16-09-17,Southern Miss,28,@ULM,17,,
16-09-17,@Memphis,48,UCLA,45,,
16-09-17,@Minnesota,34,MTSU,3,,
16-09-17,@Mississippi St,37,LSU,7,,
16-09-17,Purdue,35,@Missouri,3,,
16-09-17,N Illinois,21,@Nebraska,17,,
16-09-17,@Northwestern,49,Bowling Green,7,,
16-09-17,@Oklahoma,56,Tulane,14,,
16-09-17,@TCU,56,SMU,36,,
16-09-17,@Texas A&M,45,ULL,21,,
16-09-17,Appalachian St,20,@Texas St,13,,
16-09-17,@Texas Tech,52,Arizona St,45,,
16-09-17,@UAB,30,Coastal Car,23,,
16-09-17,@Vanderbilt,14,Kansas St,7,,
16-09-17,Louisiana Tech,23,@WKU,22,,
16-09-17,Wisconsin,40,@BYU,6,,
16-09-17,Troy,27,@New Mexico St,24,,
16-09-17,@Utah,54,San Jose St,16,,
16-09-17,@California,27,Mississippi,16,,
16-09-17,@USC,27,Texas,24,O2,
16-09-17,@Washington,48,Fresno St,16,,
16-09-17,@Washington St,52,Oregon St,23,,
16-09-17,Oregon,49,@Wyoming,13,,
16-09-17,@San Diego St,20,Stanford,17,,
21-09-17,@South Florida,43,Temple,7,,
22-09-17,Utah,30,@Arizona,24,,
22-09-17,Virginia,42,@Boise St,23,,
23-09-17,W Illinois,52,@Coastal Car,10,,
23-09-17,@W Michigan,49,Wagner,14,,
23-09-17,@Memphis,44,S Illinois,31,,
23-09-17,Wake Forest,20,@Appalachian St,19,,
23-09-17,@Buffalo,34,FL Atlantic,31,,
23-09-17,Miami OH,31,@C Michigan,14,,
23-09-17,Georgia St,28,@Charlotte,0,,
23-09-17,@Clemson,34,Boston College,7,,
23-09-17,Ohio,27,@E Michigan,20,O2,
23-09-17,NC State,27,@Florida St,21,,
23-09-17,@Georgia,31,Mississippi St,3,,
23-09-17,@Georgia Tech,35,Pittsburgh,17,,
23-09-17,@Indiana,52,Ga Southern,17,,
23-09-17,Florida,28,@Kentucky,27,,
23-09-17,@Louisville,42,Kent,3,,
23-09-17,UCF,38,@Maryland,10,,
23-09-17,@Miami FL,52,Toledo,30,,
23-09-17,Notre Dame,38,@Michigan St,18,,
23-09-17,@Navy,42,Cincinnati,32,,
23-09-17,Duke,27,@North Carolina,17,,
23-09-17,@Ohio St,54,UNLV,21,,
23-09-17,Michigan,28,@Purdue,10,,
23-09-17,@South Carolina,17,Louisiana Tech,16,,
23-09-17,@Tennessee,17,Massachusetts,13,,
23-09-17,@Virginia Tech,38,Old Dominion,0,,
23-09-17,Oklahoma,49,@Baylor,41,,
23-09-17,Texas Tech,27,@Houston,24,,
23-09-17,Penn St,21,@Iowa,19,,
23-09-17,West Virginia,56,@Kansas,34,,
23-09-17,@LSU,35,Syracuse,26,,
23-09-17,ULM,56,@ULL,50,O2,
23-09-17,@MTSU,24,Bowling Green,13,,
23-09-17,Auburn,51,@Missouri,14,,
23-09-17,@Nebraska,27,Rutgers,17,,
23-09-17,@North Texas,46,UAB,43,,
23-09-17,TCU,44,@Oklahoma St,31,,
23-09-17,Florida Intl,13,@Rice,7,,
23-09-17,@SMU,44,Arkansas St,21,,
23-09-17,Idaho,29,@South Alabama,23,O2,
23-09-17,Texas A&M,50,Arkansas,43,O1,Arlington TX
23-09-17,UT San Antonio,44,@Texas St,14,,
23-09-17,@Troy,22,Akron,17,,
23-09-17,@Tulane,21,Army,17,,
23-09-17,New Mexico,16,@Tulsa,13,,
23-09-17,Alabama,59,@Vanderbilt,0,,
23-09-17,@WKU,33,Ball St,21,,
23-09-17,Washington,37,@Colorado,10,,
23-09-17,@New Mexico St,41,UTEP,14,,
23-09-17,@Wyoming,28,Hawaii,21,O1,
23-09-17,@Arizona St,37,Oregon,35,,
23-09-17,USC,30,@California,20,,
23-09-17,Utah St,61,@San Jose St,10,,
23-09-17,@Stanford,58,UCLA,34,,
23-09-17,@Washington St,45,Nevada,7,,
23-09-17,San Diego St,28,@Air Force,24,,
24-09-17,East Carolina,41,@Connecticut,38,,
28-09-17,Texas,17,@Iowa St,7,,
29-09-17,Miami FL,31,@Duke,6,,
29-09-17,Nebraska,28,@Illinois,6,,
29-09-17,@Washington St,30,USC,27,,
29-09-17,@Utah St,40,BYU,24,,
30-09-17,@Louisville,55,Murray St,10,,
30-09-17,@Boston College,28,C Michigan,8,,
30-09-17,Akron,34,@Bowling Green,23,,
30-09-17,Marshall,38,@Cincinnati,21,,
30-09-17,South Florida,61,@East Carolina,31,,
30-09-17,@Florida Intl,30,Charlotte,29,,
30-09-17,@Florida,38,Vanderbilt,24,,
30-09-17,@FL Atlantic,38,MTSU,20,,
30-09-17,@Georgia Tech,33,North Carolina,7,,
30-09-17,Buffalo,27,@Kent,13,,
30-09-17,@Kentucky,24,E Michigan,20,,
30-09-17,Ohio,58,@Massachusetts,50,,
30-09-17,@Michigan St,17,Iowa,10,,
30-09-17,@NC State,33,Syracuse,25,,
30-09-17,@Penn St,45,Indiana,14,,
30-09-17,@Pittsburgh,42,Rice,10,,
30-09-17,Ohio St,56,@Rutgers,0,,
30-09-17,Houston,20,@Temple,13,,
30-09-17,Georgia,41,@Tennessee,0,,
30-09-17,Clemson,31,@Virginia Tech,17,,
30-09-17,Florida St,26,@Wake Forest,19,,
30-09-17,@W Michigan,55,Ball St,3,,
30-09-17,@Alabama,66,Mississippi,3,,
30-09-17,@Arkansas,42,New Mexico St,24,,
30-09-17,@Auburn,49,Mississippi St,10,,
30-09-17,@Kansas St,33,Baylor,20,,
30-09-17,Troy,24,@LSU,21,,
30-09-17,@Louisiana Tech,34,South Alabama,16,,
30-09-17,@ULM,51,Coastal Car,43,,
30-09-17,Maryland,31,@Minnesota,24,,
30-09-17,@SMU,49,Connecticut,28,,
30-09-17,North Texas,43,@Southern Miss,28,,
30-09-17,@Texas A&M,24,South Carolina,17,,
30-09-17,Oklahoma St,41,@Texas Tech,34,,
30-09-17,Navy,31,@Tulsa,21,,
30-09-17,@Wisconsin,33,Northwestern,24,,
30-09-17,@Wyoming,45,Texas St,10,,
30-09-17,@Fresno St,41,Nevada,21,,
30-09-17,@Oregon,45,California,24,,
30-09-17,Washington,42,@Oregon St,7,,
30-09-17,@Stanford,34,Arizona St,24,,
30-09-17,@UCLA,27,Colorado,23,,
30-09-17,@UNLV,41,San Jose St,13,,
30-09-17,@Army,35,UTEP,21,,
30-09-17,@Notre Dame,52,Miami OH,17,,
30-09-17,Colorado St,51,@Hawaii,21,,
30-09-17,@New Mexico,56,Air Force,38,,
30-09-17,@San Diego St,34,N Illinois,28,,
30-09-17,@UCF,40,Memphis,13,,
04-10-17,Arkansas St,43,@Ga Southern,25,,
05-10-17,@NC State,39,Louisville,25,,
06-10-17,Memphis,70,@Connecticut,31,,
06-10-17,Boise St,24,@BYU,7,,
07-10-17,Miami FL,24,@Florida St,20,,
07-10-17,@Akron,31,Ball St,3,,
07-10-17,Virginia Tech,23,@Boston College,10,,
07-10-17,W Michigan,71,@Buffalo,68,O7,
07-10-17,Marshall,14,@Charlotte,3,,
07-10-17,UCF,51,@Cincinnati,23,,
07-10-17,@Clemson,28,Wake Forest,14,,
07-10-17,Georgia St,27,@Coastal Car,21,,
07-10-17,Temple,34,@East Carolina,10,,
07-10-17,LSU,17,@Florida,16,,
07-10-17,@Kentucky,40,Missouri,34,,
07-10-17,Bowling Green,37,@Miami OH,29,,
07-10-17,Michigan St,14,@Michigan,10,,
07-10-17,@Navy,48,Air Force,45,,
07-10-17,Notre Dame,33,@North Carolina,10,,
07-10-17,C Michigan,26,@Ohio,23,,
07-10-17,@Ohio St,62,Maryland,14,,
07-10-17,FL Atlantic,58,@Old Dominion,28,,
07-10-17,@Purdue,31,Minnesota,17,,
07-10-17,@South Carolina,48,Arkansas,22,,
07-10-17,@Syracuse,27,Pittsburgh,24,,
07-10-17,@Toledo,20,E Michigan,15,,
07-10-17,@Virginia,28,Duke,21,,
07-10-17,@Appalachian St,45,New Mexico St,31,,
07-10-17,@Auburn,44,Mississippi,23,,
07-10-17,@Iowa,45,Illinois,16,,
07-10-17,Texas Tech,65,@Kansas,19,,
07-10-17,@MTSU,37,Florida Intl,17,,
07-10-17,Wisconsin,38,@Nebraska,17,,
07-10-17,@N Illinois,24,Kent,3,,
07-10-17,Penn St,31,@Northwestern,7,,
07-10-17,Iowa St,38,@Oklahoma,31,,
07-10-17,Army,49,@Rice,12,,
07-10-17,@Houston,35,SMU,22,,
07-10-17,@TCU,31,West Virginia,24,,
07-10-17,@Texas,40,Kansas St,34,O2,
07-10-17,Alabama,27,@Texas A&M,19,,
07-10-17,ULM,45,@Texas St,27,,
07-10-17,@Tulane,62,Tulsa,28,,
07-10-17,@UAB,23,Louisiana Tech,22,,
07-10-17,Southern Miss,31,@UT San Antonio,29,,
07-10-17,Georgia,45,@Vanderbilt,14,,
07-10-17,Arizona,45,@Colorado,42,,
07-10-17,WKU,15,@UTEP,14,,
07-10-17,Stanford,23,@Utah,20,,
07-10-17,Colorado St,27,@Utah St,14,,
07-10-17,ULL,21,@Idaho,16,,
07-10-17,Washington St,33,@Oregon,10,,
07-10-17,Fresno St,27,@San Jose St,10,,
07-10-17,San Diego St,41,@UNLV,10,,
07-10-17,@USC,38,Oregon St,10,,
07-10-17,@Washington,38,California,7,,
07-10-17,@Nevada,35,Hawaii,21,,
07-10-17,@Indiana,27,Charleston So,0,,
11-10-17,South Alabama,19,@Troy,8,,
12-10-17,@ULL,24,Texas St,7,,
13-10-17,@Syracuse,27,Clemson,24,,
13-10-17,@California,37,Washington St,3,,
14-10-17,@Miami FL,25,Georgia Tech,24,,
14-10-17,@Army,28,E Michigan,27,,
14-10-17,Ohio,48,@Bowling Green,30,,
14-10-17,N Illinois,14,@Buffalo,13,,
14-10-17,Toledo,30,@C Michigan,10,,
14-10-17,Florida St,17,@Duke,10,,
14-10-17,@Florida Intl,23,Tulane,10,,
14-10-17,Texas A&M,19,@Florida,17,,
14-10-17,@Georgia,53,Missouri,28,,
14-10-17,Michigan,27,@Indiana,20,O1,
14-10-17,@Kent,17,Miami OH,14,,
14-10-17,Boston College,45,@Louisville,42,,
14-10-17,@Marshall,35,Old Dominion,3,,
14-10-17,Northwestern,37,@Maryland,21,,
14-10-17,Virginia,20,@North Carolina,14,,
14-10-17,NC State,35,@Pittsburgh,17,,
14-10-17,Connecticut,28,@Temple,24,,
14-10-17,South Carolina,15,@Tennessee,9,,
14-10-17,@UCF,63,East Carolina,21,,
14-10-17,@West Virginia,46,Texas Tech,35,,
14-10-17,@Alabama,41,Arkansas,9,,
14-10-17,@Arkansas St,51,Coastal Car,17,,
14-10-17,Rutgers,35,@Illinois,24,,
14-10-17,@Iowa St,45,Kansas,0,,
14-10-17,TCU,26,@Kansas St,6,,
14-10-17,@LSU,27,Auburn,23,,
14-10-17,Georgia St,47,@ULM,37,,
14-10-17,@Memphis,30,Navy,27,,
14-10-17,Michigan St,30,@Minnesota,27,,
14-10-17,@Mississippi St,35,BYU,10,,
14-10-17,Ohio St,56,@Nebraska,14,,
14-10-17,@North Texas,29,UT San Antonio,26,,
14-10-17,Oklahoma,29,Texas,24,,Dallas TX
14-10-17,@Oklahoma St,59,Baylor,16,,
14-10-17,@Mississippi,57,Vanderbilt,35,,
14-10-17,@Southern Miss,24,UTEP,0,,
14-10-17,@Tulsa,45,Houston,17,,
14-10-17,@UAB,25,MTSU,23,,
14-10-17,@WKU,45,Charlotte,14,,
14-10-17,@Wisconsin,17,Purdue,9,,
14-10-17,@Air Force,34,UNLV,30,,
14-10-17,@Colorado St,44,Nevada,42,,
14-10-17,Wyoming,28,@Utah St,23,,
14-10-17,@Arizona,47,UCLA,30,,
14-10-17,@Arizona St,13,Washington,7,,
14-10-17,@Fresno St,38,New Mexico,0,,
14-10-17,Appalachian St,23,@Idaho,20,,
14-10-17,Colorado,36,@Oregon St,33,,
14-10-17,@Stanford,49,Oregon,7,,
14-10-17,@USC,28,Utah,27,,
14-10-17,New Mexico St,35,@Ga Southern,27,,
14-10-17,@Hawaii,37,San Jose St,26,,
14-10-17,Boise St,31,@San Diego St,14,,
14-10-17,@South Florida,33,Cincinnati,3,,
15-10-17,Akron,14,@W Michigan,13,,
19-10-17,@Arkansas St,47,ULL,3,,
19-10-17,Memphis,42,@Houston,38,,
20-10-17,WKU,35,@Old Dominion,31,,
20-10-17,Marshall,38,@MTSU,10,,
20-10-17,Air Force,45,@Nevada,42,,
20-10-17,Colorado St,27,@New Mexico,24,,
21-10-17,@Appalachian St,37,Coastal Car,29,,
21-10-17,@Army,31,Temple,28,O1,
21-10-17,C Michigan,56,@Ball St,9,,
21-10-17,N Illinois,48,@Bowling Green,17,,
21-10-17,@Charlotte,25,UAB,24,O1,
21-10-17,SMU,31,@Cincinnati,28,O1,
21-10-17,@Connecticut,20,Tulsa,14,,
21-10-17,Pittsburgh,24,@Duke,17,,
21-10-17,@East Carolina,33,BYU,17,,
21-10-17,W Michigan,20,@E Michigan,17,O1,
21-10-17,@FL Atlantic,69,North Texas,31,,
21-10-17,Louisville,31,@Florida St,28,,
21-10-17,Troy,34,@Georgia St,10,,
21-10-17,@Georgia Tech,38,Wake Forest,24,,
21-10-17,@Massachusetts,55,Ga Southern,20,,
21-10-17,@Miami FL,27,Syracuse,19,,
21-10-17,@Miami OH,24,Buffalo,14,,
21-10-17,@Michigan St,17,Indiana,9,,
21-10-17,UCF,31,@Navy,21,,
21-10-17,@Ohio,48,Kent,3,,
21-10-17,@Penn St,42,Michigan,13,,
21-10-17,@Rutgers,14,Purdue,12,,
21-10-17,@Toledo,48,Akron,21,,
21-10-17,Boston College,41,@Virginia,10,,
21-10-17,@Virginia Tech,59,North Carolina,7,,
21-10-17,@Alabama,45,Tennessee,7,,
21-10-17,Auburn,52,@Arkansas,20,,
21-10-17,West Virginia,38,@Baylor,36,,
21-10-17,Oklahoma,42,@Kansas St,35,,
21-10-17,Southern Miss,34,@Louisiana Tech,27,O2,
21-10-17,@Minnesota,24,Illinois,17,,
21-10-17,@Mississippi St,45,Kentucky,7,,
21-10-17,@Missouri,68,Idaho,21,,
21-10-17,@Northwestern,17,Iowa,10,O1,
21-10-17,LSU,40,@Mississippi,24,,
21-10-17,@South Alabama,33,ULM,23,,
21-10-17,@TCU,43,Kansas,0,,
21-10-17,Oklahoma St,13,@Texas,10,O1,
21-10-17,Iowa St,31,@Texas Tech,13,,
21-10-17,South Florida,34,@Tulane,28,,
21-10-17,@UT San Antonio,20,Rice,7,,
21-10-17,@Wisconsin,38,Maryland,13,,
21-10-17,@Boise St,24,Wyoming,14,,
21-10-17,Arizona St,30,@Utah,10,,
21-10-17,Arizona,45,@California,44,O2,
21-10-17,@UCLA,31,Oregon,14,,
21-10-17,Utah St,52,@UNLV,28,,
21-10-17,@Washington St,28,Colorado,0,,
21-10-17,@Notre Dame,49,USC,14,,
21-10-17,Fresno St,27,@San Diego St,3,,
26-10-17,Toledo,58,@Ball St,17,,
26-10-17,@Georgia St,21,South Alabama,13,,
26-10-17,@N Illinois,30,E Michigan,27,O1,
26-10-17,Stanford,15,@Oregon St,14,,
27-10-17,@Boston College,35,Florida St,3,,
27-10-17,@Memphis,56,Tulane,26,,
27-10-17,@SMU,38,Tulsa,34,,
28-10-17,@Akron,21,Buffalo,20,,
28-10-17,@Clemson,24,Georgia Tech,10,,
28-10-17,Texas St,27,@Coastal Car,7,,
28-10-17,Missouri,52,@Connecticut,12,,
28-10-17,Georgia,42,Florida,7,,Jacksonville FL
28-10-17,@Kentucky,29,Tennessee,26,,
28-10-17,Florida Intl,41,@Marshall,30,,
28-10-17,@Maryland,42,Indiana,39,,
28-10-17,@Massachusetts,30,Appalachian St,27,O2,
28-10-17,@Michigan,35,Rutgers,14,,
28-10-17,Miami FL,24,@North Carolina,19,,
28-10-17,@Ohio St,39,Penn St,38,,
28-10-17,@Pittsburgh,31,Virginia,14,,
28-10-17,Nebraska,25,@Purdue,24,,
28-10-17,@South Carolina,34,Vanderbilt,27,,
28-10-17,@Virginia Tech,24,Duke,3,,
28-10-17,@Wake Forest,42,Louisville,32,,
28-10-17,Oklahoma St,50,@West Virginia,39,,
28-10-17,@BYU,41,San Jose St,20,,
28-10-17,Texas,38,@Baylor,7,,
28-10-17,Wisconsin,24,@Illinois,10,,
28-10-17,@Iowa,17,Minnesota,10,,
28-10-17,@Iowa St,14,TCU,7,,
28-10-17,Kansas St,30,@Kansas,20,,
28-10-17,@North Texas,45,Old Dominion,38,,
28-10-17,@Northwestern,39,Michigan St,31,O3,
28-10-17,@Oklahoma,49,Texas Tech,27,,
28-10-17,Arkansas,38,@Mississippi,37,,
28-10-17,Louisiana Tech,42,@Rice,28,,
28-10-17,UAB,30,@Southern Miss,12,,
28-10-17,Mississippi St,35,@Texas A&M,14,,
28-10-17,@Troy,38,Ga Southern,16,,
28-10-17,FL Atlantic,42,@WKU,28,,
28-10-17,@Colorado,44,California,28,,
28-10-17,Air Force,45,@Colorado St,28,,
28-10-17,Arkansas St,37,@New Mexico St,21,,
28-10-17,UT San Antonio,31,@UTEP,14,,
28-10-17,@Wyoming,42,New Mexico,3,,
28-10-17,USC,48,@Arizona St,17,,
28-10-17,UNLV,26,@Fresno St,16,,
28-10-17,@Idaho,31,ULM,23,,
28-10-17,@Oregon,41,Utah,20,,
28-10-17,@Washington,44,UCLA,23,,
28-10-17,@Notre Dame,35,NC State,14,,
28-10-17,@Arizona,58,Washington St,37,,
28-10-17,San Diego St,28,@Hawaii,7,,
28-10-17,Boise St,41,@Utah St,14,,
28-10-17,Houston,28,@South Florida,24,,
28-10-17,@UCF,73,Austin Peay,33,,
31-10-17,Bowling Green,44,@Kent,16,,
31-10-17,@Ohio,45,Miami OH,28,,
01-11-17,C Michigan,35,@W Michigan,28,,
02-11-17,@E Michigan,56,Ball St,14,,
02-11-17,@Temple,34,Navy,26,,
02-11-17,@Toledo,27,N Illinois,17,,
02-11-17,@Troy,24,Idaho,21,,
03-11-17,Memphis,41,@Tulsa,14,,
03-11-17,@Utah,48,UCLA,17,,
03-11-17,@FL Atlantic,30,Marshall,25,,
04-11-17,@Florida Intl,14,UT San Antonio,7,,
04-11-17,@Florida St,27,Syracuse,24,,
04-11-17,@Georgia,24,South Carolina,10,,
04-11-17,Wisconsin,45,@Indiana,17,,
04-11-17,Mississippi,37,@Kentucky,34,,
04-11-17,@Miami FL,28,Virginia Tech,10,,
04-11-17,@Michigan,33,Minnesota,10,,
04-11-17,@Michigan St,27,Penn St,24,,
04-11-17,Clemson,38,@NC State,31,,
04-11-17,@Old Dominion,6,Charlotte,0,,
04-11-17,@Purdue,29,Illinois,10,,
04-11-17,@Tennessee,24,Southern Miss,10,,
04-11-17,@Virginia,40,Georgia Tech,36,,
04-11-17,@West Virginia,20,Iowa St,16,,
04-11-17,@Alabama,24,LSU,10,,
04-11-17,@Arkansas,39,Coastal Car,38,,
04-11-17,@Iowa,55,Ohio St,24,,
04-11-17,Baylor,38,@Kansas,9,,
04-11-17,North Texas,24,@Louisiana Tech,23,,
04-11-17,@ULM,52,Appalachian St,45,,
04-11-17,@MTSU,30,UTEP,3,,
04-11-17,@Mississippi St,34,Massachusetts,23,,
04-11-17,@Missouri,45,Florida,16,,
04-11-17,Northwestern,31,@Nebraska,24,O1,
04-11-17,Oklahoma,62,@Oklahoma St,52,,
04-11-17,UCF,31,@SMU,24,,
04-11-17,ULL,19,@South Alabama,14,,
04-11-17,@TCU,24,Texas,7,,
04-11-17,Auburn,42,@Texas A&M,27,,
04-11-17,New Mexico St,45,@Texas St,35,,
04-11-17,Kansas St,42,@Texas Tech,35,O1,
04-11-17,Cincinnati,17,@Tulane,16,,
04-11-17,@UAB,52,Rice,21,,
04-11-17,@Vanderbilt,31,WKU,17,,
04-11-17,@Boise St,41,Nevada,14,,
04-11-17,Utah St,24,@New Mexico,10,,
04-11-17,@Arizona St,41,Colorado,30,,
04-11-17,@California,37,Oregon St,23,,
04-11-17,@Fresno St,20,BYU,13,,
04-11-17,Georgia St,21,@Ga Southern,17,,
04-11-17,San Diego St,52,@San Jose St,7,,
04-11-17,@UNLV,31,Hawaii,23,,
04-11-17,@USC,49,Arizona,35,,
04-11-17,@Washington,38,Oregon,3,,
04-11-17,@Washington St,24,Stanford,21,,
04-11-17,Army,21,@Air Force,0,,
04-11-17,@Notre Dame,48,Wake Forest,37,,
04-11-17,@Wyoming,16,Colorado St,13,,
04-11-17,South Florida,37,@Connecticut,20,,
04-11-17,@Houston,52,East Carolina,27,,
04-11-17,@Rutgers,31,Maryland,24,,
07-11-17,@Buffalo,38,Bowling Green,28,,
07-11-17,@Miami OH,24,Akron,14,,
08-11-17,@C Michigan,42,E Michigan,30,,
08-11-17,@Ohio,38,Toledo,10,,
08-11-17,@W Michigan,48,Kent,20,,
09-11-17,@Appalachian St,27,Ga Southern,6,,
09-11-17,North Carolina,34,@Pittsburgh,31,,
09-11-17,@N Illinois,63,Ball St,17,,
10-11-17,Temple,35,@Cincinnati,24,,
10-11-17,@Stanford,30,Washington,22,,
10-11-17,BYU,31,@UNLV,21,,
11-11-17,Massachusetts,44,Maine,31,,Boston MA
11-11-17,@Army,21,Duke,16,,
11-11-17,NC State,17,@Boston College,14,,
11-11-17,MTSU,35,@Charlotte,21,,
11-11-17,@Clemson,31,Florida St,14,,
11-11-17,Troy,42,@Coastal Car,17,,
11-11-17,Tulane,31,@East Carolina,24,O1,
11-11-17,Old Dominion,37,@Florida Intl,30,,
11-11-17,@Georgia Tech,28,Virginia Tech,22,,
11-11-17,@Louisville,38,Virginia,21,,
11-11-17,@Marshall,30,WKU,23,,
11-11-17,Michigan,35,@Maryland,10,,
11-11-17,@Miami FL,41,Notre Dame,8,,
11-11-17,@Navy,43,SMU,40,,
11-11-17,@Ohio St,48,Michigan St,3,,
11-11-17,@Penn St,35,Rutgers,6,,
11-11-17,@South Carolina,28,Florida,20,,
11-11-17,Wake Forest,64,@Syracuse,43,,
11-11-17,@UCF,49,Connecticut,24,,
11-11-17,@Auburn,40,Georgia,17,,
11-11-17,Indiana,24,@Illinois,14,,
11-11-17,Oklahoma St,49,@Iowa St,42,,
11-11-17,West Virginia,28,@Kansas St,23,,
11-11-17,@LSU,33,Arkansas,10,,
11-11-17,FL Atlantic,48,@Louisiana Tech,23,,
11-11-17,@Minnesota,54,Nebraska,21,,
11-11-17,Alabama,31,@Mississippi St,24,,
11-11-17,@Missouri,50,Tennessee,17,,
11-11-17,@North Texas,45,UTEP,10,,
11-11-17,@Northwestern,23,Purdue,13,,
11-11-17,@Oklahoma,38,TCU,20,,
11-11-17,@Mississippi,50,ULL,22,,
11-11-17,Southern Miss,43,@Rice,34,,
11-11-17,@South Alabama,24,Arkansas St,19,,
11-11-17,@Texas,42,Kansas,27,,
11-11-17,@Texas A&M,55,New Mexico,14,,
11-11-17,Georgia St,33,@Texas St,30,,
11-11-17,Texas Tech,38,Baylor,24,,Arlington TX
11-11-17,UAB,24,@UT San Antonio,19,,
11-11-17,Kentucky,44,@Vanderbilt,21,,
11-11-17,@Wisconsin,38,Iowa,14,,
11-11-17,Wyoming,28,@Air Force,14,,
11-11-17,@Arizona,49,Oregon St,28,,
11-11-17,USC,38,@Colorado,24,,
11-11-17,Washington St,33,@Utah,25,,
11-11-17,@Nevada,59,San Jose St,14,,
11-11-17,@UCLA,44,Arizona St,37,,
11-11-17,Fresno St,31,@Hawaii,21,,
11-11-17,Boise St,59,@Colorado St,52,O1,
14-11-17,@Akron,37,Ohio,34,,
14-11-17,Toledo,66,@Bowling Green,37,,
15-11-17,C Michigan,42,@Kent,23,,
15-11-17,E Michigan,27,@Miami OH,24,,
15-11-17,@N Illinois,35,W Michigan,31,,
16-11-17,Buffalo,40,@Ball St,24,,
16-11-17,@South Florida,27,Tulsa,20,,
17-11-17,UNLV,38,@New Mexico,35,,
17-11-17,@WKU,41,MTSU,38,O3,
18-11-17,@Clemson,61,Citadel,3,,
18-11-17,@Florida St,77,Delaware St,6,,
18-11-17,@North Carolina,65,W Carolina,10,,
18-11-17,@South Carolina,31,Wofford,10,,
18-11-17,@Alabama,56,Mercer,0,,
18-11-17,Boston College,39,Connecticut,16,,Boston MA
18-11-17,@Duke,43,Georgia Tech,20,,
18-11-17,@East Carolina,48,Cincinnati,20,,
18-11-17,@Florida,36,UAB,7,,
18-11-17,@FL Atlantic,52,Florida Intl,24,,
18-11-17,@Georgia,42,Kentucky,13,,
18-11-17,@Indiana,41,Rutgers,0,,
18-11-17,@Louisville,56,Syracuse,10,,
18-11-17,@Miami FL,44,Virginia,28,,
18-11-17,@Michigan St,17,Maryland,7,,
18-11-17,@Ohio St,52,Illinois,14,,
18-11-17,@Old Dominion,24,Rice,21,,
18-11-17,@Penn St,56,Nebraska,44,,
18-11-17,UCF,45,@Temple,19,,
18-11-17,@Virginia Tech,20,Pittsburgh,14,,
18-11-17,@Wake Forest,30,NC State,24,,
18-11-17,Texas,28,@West Virginia,14,,
18-11-17,Mississippi St,28,@Arkansas,21,,
18-11-17,@Arkansas St,30,Texas St,12,,
18-11-17,@Auburn,42,ULM,14,,
18-11-17,Iowa St,23,@Baylor,13,,
18-11-17,@Colorado St,42,San Jose St,14,,
18-11-17,Purdue,24,@Iowa,15,,
18-11-17,Oklahoma,41,@Kansas,3,,
18-11-17,@ULL,47,New Mexico St,34,,
18-11-17,@Memphis,66,SMU,45,,
18-11-17,@North Texas,52,Army,49,,
18-11-17,@Northwestern,39,Minnesota,0,,
18-11-17,Kansas St,45,@Oklahoma St,40,,
18-11-17,Texas A&M,31,@Mississippi,24,,
18-11-17,@Southern Miss,66,Charlotte,21,,
18-11-17,LSU,30,@Tennessee,10,,
18-11-17,TCU,27,@Texas Tech,3,,
18-11-17,@Tulane,20,Houston,17,,
18-11-17,@UT San Antonio,9,Marshall,7,,
18-11-17,Missouri,45,@Vanderbilt,17,,
18-11-17,@Wisconsin,24,Michigan,10,,
18-11-17,Massachusetts,16,@BYU,10,,
18-11-17,@Boise St,44,Air Force,19,,
18-11-17,Louisiana Tech,42,@UTEP,21,,
18-11-17,@Utah St,38,Hawaii,0,,
18-11-17,Fresno St,13,@Wyoming,7,,
18-11-17,@Ga Southern,52,South Alabama,0,,
18-11-17,Coastal Car,13,@Idaho,7,,
18-11-17,@Oregon,48,Arizona,28,,
18-11-17,Arizona St,40,@Oregon St,24,,
18-11-17,@Stanford,17,California,14,,
18-11-17,@USC,28,UCLA,23,,Victory Bell
18-11-17,@Washington,33,Utah,30,,
18-11-17,@Notre Dame,24,Navy,17,,
18-11-17,@San Diego St,42,Nevada,23,,
21-11-17,@Akron,24,Kent,14,,
21-11-17,Miami OH,28,@Ball St,7,,
21-11-17,@E Michigan,34,Bowling Green,31,,
23-11-17,Mississippi,31,@Mississippi St,28,,Egg Bowl
24-11-17,@Buffalo,31,Ohio,24,,
24-11-17,@C Michigan,31,N Illinois,24,,
24-11-17,@Pittsburgh,24,Miami FL,14,,
24-11-17,@Toledo,37,W Michigan,10,,
24-11-17,@UCF,49,South Florida,42,,
24-11-17,Virginia Tech,10,@Virginia,0,,Commonwealth Cup
24-11-17,@Houston,24,Navy,14,,
24-11-17,Iowa,56,@Nebraska,14,,
24-11-17,@TCU,45,Baylor,22,,
24-11-17,Texas Tech,27,@Texas,23,,
24-11-17,@San Diego St,35,New Mexico,10,,
24-11-17,@Florida Intl,41,WKU,17,,
24-11-17,Missouri,48,@Arkansas,45,,
24-11-17,@Troy,62,Texas St,9,,
24-11-17,@UCLA,30,California,27,,
25-11-17,FL Atlantic,31,@Charlotte,12,,
25-11-17,@Cincinnati,22,Connecticut,21,,
25-11-17,Florida St,38,@Florida,22,,
25-11-17,Appalachian St,31,@Georgia St,10,,
25-11-17,Georgia,38,@Georgia Tech,7,,
25-11-17,Louisville,44,@Kentucky,17,,Governor's Cup
25-11-17,Southern Miss,28,@Marshall,27,,
25-11-17,Penn St,66,@Maryland,3,,
25-11-17,Ohio St,31,@Michigan,20,,
25-11-17,@NC State,33,North Carolina,21,,
25-11-17,@Purdue,31,Indiana,24,,
25-11-17,Michigan St,40,@Rutgers,7,,
25-11-17,Clemson,34,@South Carolina,10,,Palmetto Bowl
25-11-17,Boston College,42,@Syracuse,14,,
25-11-17,Vanderbilt,42,@Tennessee,24,,
25-11-17,Duke,31,@Wake Forest,23,,
25-11-17,@Auburn,26,Alabama,14,,Iron Bowl
25-11-17,Northwestern,42,@Illinois,7,,
25-11-17,@Kansas St,20,Iowa St,19,,
25-11-17,@LSU,45,Texas A&M,21,,
25-11-17,Ga Southern,34,@ULL,24,,
25-11-17,@Louisiana Tech,20,UT San Antonio,6,,
25-11-17,Arkansas St,67,@ULM,50,,
25-11-17,@Memphis,70,East Carolina,13,,
25-11-17,@MTSU,41,Old Dominion,10,,
25-11-17,Wisconsin,31,@Minnesota,0,,Paul Bunyan's Axe
25-11-17,@Oklahoma,59,West Virginia,31,,
25-11-17,@Oklahoma St,58,Kansas,17,,
25-11-17,North Texas,30,@Rice,14,,
25-11-17,@SMU,41,Tulane,38,,
25-11-17,Temple,43,@Tulsa,22,,
25-11-17,@UAB,28,UTEP,7,,
25-11-17,@Air Force,38,Utah St,35,,
25-11-17,@Arizona St,42,Arizona,30,,
25-11-17,@New Mexico St,17,Idaho,10,,
25-11-17,@Utah,34,Colorado,13,,
25-11-17,@Nevada,23,UNLV,16,,
25-11-17,@Oregon,69,Oregon St,10,,Civil War
25-11-17,@San Jose St,20,Wyoming,17,,
25-11-17,@Stanford,38,Notre Dame,20,,
25-11-17,@Washington,41,Washington St,14,,Apple Cup
25-11-17,@Fresno St,28,Boise St,17,,
25-11-17,BYU,30,@Hawaii,20,,
01-12-17,USC,31,Stanford,28,P,Pac 12 Championship Santa Clara CA
02-12-17,@Appalachian St,63,ULL,14,,
02-12-17,@Coastal Car,28,Ga Southern,17,,
02-12-17,Idaho,24,@Georgia St,10,,
02-12-17,Troy,32,@Arkansas St,25,,
02-12-17,@New Mexico St,22,South Alabama,17,,
02-12-17,@Florida Intl,63,Massachusetts,45,,
02-12-17,@Florida St,42,ULM,10,,
02-12-17,@UCF,62,Memphis,55,PO2,AAC Championship
02-12-17,Clemson,38,Miami FL,3,P,ACC Championship Charlotte NC
02-12-17,@FL Atlantic,41,North Texas,17,P,CUSA Championship
02-12-17,Georgia,28,Auburn,7,P,SEC Championship Atlanta GA
02-12-17,Toledo,45,Akron,28,P,MAC Championship Detroit MI
02-12-17,Ohio St,27,Wisconsin,21,P,Big 10 Championship Indianapolis IN
02-12-17,Oklahoma,41,TCU,17,P,Big 12 Championship Arlington TX
02-12-17,@Boise St,17,Fresno St,14,P,MWC Championship
09-12-17,Army,14,Navy,13,,Philadelphia PA
16-12-17,Troy,50,North Texas,30,P,New Orleans Bowl New Orleans LA
16-12-17,Georgia St,27,WKU,17,P,Cure Bowl Orlando FL
16-12-17,Boise St,38,Oregon,28,P,Las Vegas Bowl Las Vegas NV
16-12-17,Marshall,31,Colorado St,28,P,New Mexico Bowl Albuquerque NM
16-12-17,MTSU,35,Arkansas St,30,P,Camellia Bowl Montgomery AL
19-12-17,@FL Atlantic,50,Akron,3,P,Boca Raton Bowl Boca Raton FL
20-12-17,Louisiana Tech,51,SMU,10,P,Frisco Bowl Frisco TX
21-12-17,Temple,28,Florida Intl,3,P,Gasparilla Bowl St Petersburg FL
22-12-17,Ohio,41,UAB,6,P,Bahamas Bowl Nassau
22-12-17,Wyoming,37,C Michigan,14,P,Idaho Potato Bowl Boise ID
23-12-17,South Florida,38,Texas Tech,34,P,Birmingham Bowl Birmingham AL
23-12-17,Army,42,San Diego St,35,P,Armed Forces Bowl Ft Worth TX
23-12-17,Appalachian St,34,Toledo,0,P,Dollar General Bowl Mobile AL
24-12-17,Fresno St,33,Houston,27,P,Hawaii Bowl Honolulu HI
26-12-17,Utah,30,West Virginia,14,P,Heart of Dallas Bowl Dallas TX
26-12-17,Duke,36,N Illinois,14,P,Quick Lane Bowl Detroit MI
26-12-17,Kansas St,35,UCLA,17,P,Cactus Bowl Phoenix AZ
27-12-17,Florida St,42,Southern Miss,13,P,Independence Bowl Shreveport LA
27-12-17,Iowa,27,Boston College,20,P,Pinstripe Bowl Bronx NY
27-12-17,Purdue,38,Arizona,35,P,Foster Farms Bowl Santa Clara CA
27-12-17,Texas,33,Missouri,16,P,Texas Bowl Houston TX
28-12-17,@Navy,49,Virginia,7,P,Military Bowl Annapolis MD
28-12-17,Oklahoma St,30,Virginia Tech,21,P,Camping World Bowl Orlando FL
28-12-17,TCU,39,Stanford,37,P,Alamo Bowl San Antonio TX
28-12-17,Michigan St,42,Washington St,17,P,Holiday Bowl San Diego CA
29-12-17,Wake Forest,55,Texas A&M,52,P,Belk Bowl Charlotte NC
29-12-17,NC State,52,Arizona St,31,P,Sun Bowl El Paso TX
29-12-17,Northwestern,24,Kentucky,23,P,Music City Bowl Nashville TN
29-12-17,New Mexico St,26,Utah St,20,PO1,Arizona Bowl Tucson AZ
29-12-17,Ohio St,24,USC,7,P,Cotton Bowl Arlington TX
30-12-17,Mississippi St,31,Louisville,27,P,Taxslayer Bowl Jacksonville FL
30-12-17,Iowa St,21,@Memphis,20,P,Liberty Bowl Memphis TN
30-12-17,Penn St,35,Washington,28,P,Fiesta Bowl Glendale AZ
30-12-17,Wisconsin,34,@Miami FL,24,P,Orange Bowl Miami Gardens FL
01-01-18,South Carolina,26,Michigan,19,P,Outback Bowl Tampa FL
01-01-18,UCF,34,Auburn,27,P,Peach Bowl Atlanta GA
01-01-18,Notre Dame,21,LSU,17,P,Citrus Bowl Orlando FL
01-01-18,Georgia,54,Oklahoma,48,PO2,"Rose Bowl, CFP Semis Pasadena CA"
01-01-18,Alabama,24,Clemson,6,P,"Sugar Bowl, CFP Semis New Orleans LA"
08-01-18,Alabama,26,Georgia,23,PO1,CFP Championship Atlanta GA
